TITLE,ALT_TITLE,INFO,LANGUAGE,EPISODES,DISCS,GENRE,DETAILS
07 GHOST,,,Japonés (Sub esp),26,2,"Magia, acción, drama",
11 eyes,,,Japonés (Sub esp),12,1,"Acción, ecchi, fantasía, romance",
5 centimetros por segundo,,,Japonés/Inglés (Sub esp),Pelicula,1,"Drama, romance",
A tree of Palme,,,Japonés (Sub esp),Pelicula,1,"Fantasía, aventura, drama",
Accel World,,,Japonés (Sub esp),24 + OVA,2,"Aventura, acción, sci-fi, romance",
Acchi kocchi,,,Japonés (Sub esp),12,1,"Romance, comedia",
Afro Samurai,,,Inglés (Sub Español),5 + Pelicula,1,"Acción, gore",
Ah! Megami-sama,Oh! Mi Diosa,OVAS,Español,5,1,"Romance, comedia, fantasía",
Ai no Kusabi (2000),,Remake,Japonés (Sub esp),4,1,"Yaoi, sci-fi, acción",Serie Yaoi (ChicoXChico) - No recomendado para menores de 16 años.
AIR,,,Japonés (Sub esp),13,1,"Romance, drama",
AIR (Movie),,,Japonés (Sub esp),Pelicula,1,"Romance, drama",
Air Gear,,,Japonés (Sub esp),25 + 3 especiales,2,"Acción, ecchi",
Akame ga kill,,,Japonés (Sub esp),24,2,"Acción, aventura, suspenso, poderes",
Akatsuki no Yona,,,Japonés (Sub esp),24,2,"Aventura, romance, harem invertido",
AKB0048,,Primera Temporada,Japonés (Sub esp),13,1,"Aventura, espacial, idols",
AKB0048 NEXT,,Segunda Temporada,Japonés (Sub esp),13,1,"Aventura, espacial, idols",
Akira,,,Español,Pelicula,1,"acción, Sci-fi, sobrenatural, gore",
Aku no Hana,Les fleurs du Mal,,Japonés (Sub esp),13,1,"Slice fo life, escolar, psicologico",
Akuma no Riddle,,,Japonés (Sub esp),13,1,"Acción, suspenso, yuri",Serie Yuri (ChicaxChica) Se recomienda discreción.
Aldnoah.Zero,,Primera Temporada,Japonés (Sub esp),12,1,"Acción, mecha, espacial",
Aldnoah.Zero 2,,Segunda Temporda,Japonés (Sub esp),12,1,"Acción, mecha, espacial",
Amagami SS Plus,,Segunda Temporda,Japonés (Sub esp),13,1,"Escolar, drama, romance, light-ecchi",
Amnesia,,,Japonés (Sub esp),12,1,"Romance, harem invertido, drama, fantasía",
Angel Beats,,,Japonés (Sub esp),13 + 2 OVAS,1,"Acción, aventura, drama",
Angel Sanctuary,,,Japonés (Sub esp),3,1,"Acción, romance, sobrenatural",
Angelic Layer,,,Japonés (Sub esp),26,2,"Fantasía, aventura",
Angelique: Kokoro no Mezameru Toki,,,Japonés (Sub esp),13,1,"Romance, aventura, drama, harem invertido",
Ano Hana,Ano Hi mita Hana no namae Bokutachi wa mada shiranai,,Japonés (Sub esp),13,1,"Drama, slice of life, romance",
Ano Hana Movie,,,Japonés (Sub esp),Pelicula,1,"Drama, slice of life, romance",
Another,,Sin censura,Japonés (Sub esp),12 + OVA,1,"Suspenso, escolar, horror, gore",
Ao haru ride,,,Japonés (Sub esp),12,1,"Romance, escolar, drama",
Ao no Exorcist,Blue Exorcist,,Japonés (Sub esp),25,2,"Acción, sobrenatural",
Ao no Exorcist Movie,Blue Exorcist Movie,,Japonés (Sub esp),Pelicula + OVA,1,"Acción, sobrenatural",
Aoi Bungaku Series,,,Japonés (Sub esp),12,1,"Suspenso, acción",
Aoki Hagane no Arpeggio,Arpeggio of the Blue Steel,,Japonés (Sub esp),12,1,"Acción, misterio, espacial",
Appleseed 2004,,,Japonés (Sub esp),Pelicula,1,"Sci-fi, acción",
Appleseed ExMachina,,,Inglés/Francés/Japonés,Pelicula,1,"Sci-fi, acción",
Aquarion Evol,,,Japonés (Sub esp),26,2,"Mechas, acción, drama",
"Aquarion, Genesis of",Sousei no Aquarion,"Precuela, para ver secuela Vease Aquarion Evol",Japonés (Sub esp),26,2,"Mechas, acción, drama",
Arakawa Under the Bridge,,Primera Temporada,Japonés (Sub esp),13,1,"Comedia, romance, parodias",
Arakawa Under the Bridge * 2,,Segunda Temporada,Japonés (Sub esp),13,1,"Comedia, romance, parodias",
Arcana Famiglia,La Storia de la Arcana Famiglia,Arcana Famiglia,Japonés (Sub esp),13,1,"Acción, romance, gangster",
Arrietty,,,Japonés (Sub esp),Pelicula,1,"Fantasía, drama, aventura",
Asobi ni Ikuyo!,,,Japonés (Sub esp),12 + OVA,1,"Sci-fi, romance, comedia, ecchi",
Astarotte no Omocha,,,Japonés (Sub esp),11,1,"Romance, sobrenatural, comedia, ecchi, lolicon",Serie lolicon (chicas con apariencia joven) Se recomienda discrecion.
Asu no Yoichi,,,Japonés (Sub esp),12,1,"Comedia, romance, ecchi",
Asura,,,Japonés (Sub esp),Pelicula,1,"Sobrenatural, horror",
AURA - Maryuuinkouga Saigo no Tatakai,,,Pelicula,1,1,"Fantasía, aventura, romance",
Avalon,,Pelicula,Español/Polaco (Sub esp),1,1,"Acción, aventura, sci-fi",
AVATAR - La Leyenda de Aang,,"Libro 1 - Agua, Libro 2 - Tierra, Libro 3 - Fuego",Español,60,3,"Aventura, acción, fantasía",
AVATAR - La Leyenda de Korra,,,Español,26,2,"Aventura, acción, fantasía, romance",
AVATAR - The Legend of Korra,,"Libro 1 - Water, Libro 2 - Spirits, Libro 3- Change, Libro 4 - Balance",Inglés (Sub esp),52,4,"Aventura, acción, fantasía, romance",
Ayashi no Ceres,,,Español,24,1,"Romance, drama, sobrenatural, acción",
B Gata H Kei,,,Japonés (Sub esp),12,1,"Romance, comedia, escolar",
Baccano!,,,Japonés (Sub esp),13 + 3 OVA,1,"Acción, misterio",
Baka to test to shoukanjuu,,Primera Temporada,Japonés (Sub esp),13,1,"Romance, escolar, fantasía, comedia, ecchi",
Baka to Test to Shoukanjuu Matsuri,,Temporada Intermedia,Japonés (Sub esp),2 + 7 especiales,1,"Romance, escolar, fantasía, comedia, ecchi",
Baka to Test to Shoukanjuu Nii,,Segunda Temporada,Japonés (Sub esp),13,1,"Romance, escolar, fantasía, comedia, ecchi",
Bakemonogatari,,,Japonés (Sub esp),15,1,"Sobrenatural, misterio, comedia, light-ecchi",
Bakuman,,,Japonés (Sub esp),25,2,"Slice of life, drama, romance, comedia",
Bakuman 2,,,Japonés (Sub esp),25,2,"Slice of life, drama, romance, comedia",
Bakuman 3,,,Japonés (Sub esp),25,2,"Slice of life, drama, romance, comedia",
Basilisk,,,Español/Japonés,24,2,"Acción, suspenso, ninja, romance",
Battle Angel Alita,,,Japonés (Sub esp),2,1,"Sci-fi, acción, misterio",
Battle Royal,,,Español/Japonés,Pelicula,1,"Acción, supervivencia, gore",
Battle Royal 2,,,Japonés (Sub esp),Pelicula,1,"Acción, supervivencia, gore",
Bayonetta - Bloody Fate,,,Japonés (Sub esp),Pelicula,1,"Acción, sobrenatural",
Beelzebub,,,Japonés (Sub esp),60 + 2 OVA,5,"Comedia, sobrenatural",
Ben-to,,,Japonés (Sub esp),12,1,"Comedia, romance, ecchi",
Bersek,,,Japonés (Sub esp),25,2,"Acción, aventura, sobrenatural, horror.",
Berserk: Ougon Jidai Hen I,Haou no Tamago,,Japonés (Sub esp),Pelicula,1,"Acción, aventura, sobrenatural, horror.",
Berserk: Ougon Jidai Hen II,Dorudorei Koryaku,,Japonés (Sub esp),Pelicula,1,"Acción, aventura, sobrenatural, horror.",
Berserk: Ougon Jidai Hen III,Kourin,,Japonés (Sub esp),Pelicula,1,"Acción, aventura, sobrenatural, horror.",
Bey Blade,,,Español,51,3,"Fantasía, aventura",
Bey Blade V-Force,,,Español,51,3,"Fantasía, aventura",
Bible Black,,,Japonés (Sub esp),16 + Omake,2,"Hentai, sobrenatural, escolar",HENTAI (Sexo explicito) No apto para menores de 17 años.
Binbougami ga,,,Japonés (Sub esp),13,1,"Comedia, parodia, acción, fantasia",
Black Bullet,,,Japonés (Sub esp),13,1,"Acción, sobrenatural, drama, romance",
Black Cat,,,Español,26,2,"Acción, aventura, drama",
Black Heaven,,,Español/Japonés/Inglés,13,1,"Comedia, aventura, slice of life",
Black Lagoon,,Primera Temporada,Japonés (Sub esp),12,1,"Acción, suspenso,",
Black Lagoon - Roberta's  Blood Trail,,Tercera Temporada,Japonés (Sub esp),5,1,"Acción, suspenso,",
Black Lagoon The Second Barriage,,Segunda Temporada,Japonés (Sub esp),12,1,"Acción, suspenso,",
Black Rock Shooter,,,Japonés (Sub esp),Pelicula + Especial + Extras,1,"Acción, aventura, fantasía",
Black Rock Shooter TV,,,Japonés (Sub esp),8,1,"Acción, aventura, fantasía",
Blade & Soul,,,Japonés (Sub esp),13,1,"Acción, fantasia, artes marciales, ecchi",
Blassreiter,,,Japonés (Sub esp),24,2,"Sci-fi, acción, sobrenatural, suspenso",
Blazblue - Alter Memory,,,Japonés (Sub esp),12,1,"Artes marciales, acción",
Bleach,,,Japonés (Sub esp),366,19,"Acción, aventura, sobrenatural",
Bleach Movies,,,Japonés (Sub esp),4 + 2 OVA,2,"Acción, aventura, sobrenatural",
Blood +,,,Español,50,3,"Sobrenatural, acción, drama, romance",
Blood C,,,Japonés (Sub esp),12,1,"Sobrenatural, acción, gore",
Blood C The Last Dark,,,Japonés (Sub esp),Pelicula,1,"Sobrenatural, acción, gore, drama",
Blood Lad,,,Japonés (Sub esp),10,1,"Comedia, sobrenatural",
Blood The Last Vampire (Live Action),,,Japonés/Español,Pelicula,1,"Sobrenatural, acción, gore",
Blood+ (Japonés),,,Japonés (Sub esp),50,3,"Sobrenatural, acción, drama, romance",
Blue Dragon,,,Japonés (Sub esp),51,4,"Acción, aventura, sobrenatural, fantasia",
Boku wa Tomodachi ga Sukunai,,Primera Temporada,Japonés (Sub esp),12,1,"Romance, escolar, comedia, ecchi",
Boku wa Tomodachi ga Sukunai NEXT,,Segunda Temporada,Japonés (Sub esp),12,1,"Romance, escolar, comedia, ecchi",
Bokura ga ita,,,Japonés (Sub esp),26,2,"Roamnce, escolar, drama, slice of life",
Bokusastu Tenshi Dokuro-chan,Dokuro-chan,,Japonés (Sub esp),8,1,"Comedia, gore",
Boogiepop Phantom,,,Español/Japonés,12,1,"Misterio, suspenso, psicologico",
Broken Blade (2014),Break Balde,Remake,Japonés (Sub esp),24,2,"Acción, mechas, sci-fi",
Brothers Conflict,,,Japonés (Sub esp),12,1,"Romance, harem invertido, drama, comedia",
Brynhildr in the Darkness,,,Japonés (Sub esp),13,1,"Roamnce, sobrenatural, drama, harem",
BTOOOM!,,,Japonés (Sub esp),12,1,"Acción, aventura, ecchi",
BTX,,Primera Temporada,Español,25,2,"Acción, aventura, sci-fi",Del creador de Caballeros del Zodiaco
BTX Neo,,Segunda Temporada,Español,14,1,"Acción, aventura, sci-fi",Del creador de Caballeros del Zodiaco
Bubblegum Crisis Tokyo 2040,,,Español,26,2,"Acción, sci-fi, comedia",
BUDA - El Gran Viaje,,Pelicula 1,Esp/Japonés,Pelicula,1,"Aventura, fantasía, drama",
Burst Angel,,,Español,24 + OVA,2,"Aventura, accion, ecchi",
C - The Money of Soul and the Posibility of Control,,,Japonés (Sub esp),11,1,"Acción, sobrenatural, suspenso",
Canaan,,,Japonés (Sub esp),13,1,"Acción, suspenso, sobrenatural",
Candy Candy,,,Español,115 + OVA,6,"Drama, romance",
Captain Earth,,,Japonés (Sub esp),25,2,,
"Captain Harlock, Space Pirate Movie",,,Japonés (Sub esp),Pelicula,1,,
Carnival Phantasm,,,Japonés (Sub esp),12 + 3 omakes,1,,
Chaos;Head,,,Japonés (Sub esp),12,1,,
Chobits,,,Japonés (Sub esp),26,3,,
Chrome Shelled Regios,,,Japonés (Sub esp),24,2,,
Chrono Crusade,,,Japonés (Sub esp),24,2,"Acción, aventura, sobrenatural, romance",
"Chuunibyou demo Koi ga Shitai!, Takanashi Rikka Kai",,Pelicula,Japonés (Sub esp),Pelicula,1,,
CLAMP School Detectives,,,Español,26,2,,
CLANNAD,,,Japonés (Sub esp),23 + OVA,2,"Drama, romance, slice of life, harem",
CLANNAD After Story,,,Japonés (Sub esp),24 + OVA,2,"Drama, romance, slice of life, harem",
CLANNAD La Pelicula,,,Japonés (Sub esp),Pelicula,1,"Drama, romance, slice of life, harem",
Claymore,,,Japonés (Sub esp),26,2,,
Code Breaker,,,Japonés (Sub esp),13,1,"Acción, slice of life, sobrenatural",
Code Geass,,,Japonés (Sub esp),25,2,,
Code Geass R2,,,Japonés (Sub esp),25,2,,
Colorfull,,,Japonés (Sub esp),Pelicula,1,,
Coppelion,,,Japonés (Sub esp),13,1,,
Corpse Party,,Tortured souls + Missing Footage,Japonés (Sub esp),5,1,,
Cowboy Beebop,,Serie,Español/Inglés/Japonés,26,2,,
Cowboy Beebop Knockin'on Heaven's Door,,Pelicula,Japonés/Español,Pelicula,1,,
Cross Ange Tenshi to Ryu no Rondo,,,Japonés (Sub esp),25,1,,
CubeXCursedXCurious,C3,,Japonés (Sub esp),13,1,,
Cuentos de Terramar,Gedo Senki,,Español/Japonés,Pelicula,1,,
Cyborg 009,,,Español,50,4,"Sci-fi, accion, aventura",
D. Gray-man,,,Japonés (Sub esp),103,6,,
Da Capo,D.C.,Primera Temporada,Japonés (Sub esp),26,2,"Drama, romance, slice of life",
Da Capo II,D.C. II,Tercera Temporada,Japonés (Sub esp),13,1,"Drama, romance, slice of life",
Da Capo II Second Season,D.C. II S.S.,Cuarta Temporada,Japonés (Sub esp),13,1,"Drama, romance, slice of life",
Da Capo Second Season,D.C. S.S.,Segunda Temporada,Japonés (Sub esp),26,2,"Drama, romance, slice of life",
Daitoshokan no Hitsujikai,,,Japonés (Sub esp),12,1,,
Dakara Boku wa H ga Dekinai,,,Japonés (Sub esp),12,1,,
Dance in the Vampire Bund,,,Japonés (Sub esp),12 + Especial,1,,
Danganronpa The animation,,,Japonés (Sub esp),13,1,,
Danna ga nani wo Itteiru ka Wakaranai Ken,,,Japonés (Sub esp),13,1,,
Dantalian no Shoka,Biblioteca Mistica de Dantalian,,Japonés (Sub esp),13,1,,
Dante's Inferno,El Infierno de Dante,,Inglés/Español,Pelicula,1,,
Darker than Black,,Primera Temporada,Japonés (Sub esp),25 + OVA,2,,
Darker than Black Gemini of the Meteor,,Segunda Temporada,Japonés (Sub esp),12,1,,
Darker than Black Kuro no Keiyakusha: Gaiden,,Tercera Temporada,Japonés (Sub esp),12,1,,
Date A Live,,Primera Temporada,Japonés (Sub esp),12,1,,
Date A Live II,,Segunda Temporada,Japonés (Sub esp),10,1,,
Dead Space,,,Español,Pelicula,1,,
Deadman Wonderland,,,Japonés (Sub esp),12,1,,
Dear Boys,,,Español,26,2,"Deportes, slice of life",
DearS,,,Japonés (Sub esp),13,1,,
Death Note,,,Español/Japonés,37,3,,
Death Note R: Relight La Visión de un Dios,,Pelicula 1,Español/Japonés,Pelicula,1,,
Death Note: Live Action,,Peliculas con actores humanos.,Japonés (Sub esp),3 Peliculas,1,,
Death Parade,,OVA Original Death Billiard + Serie,Japonés (Sub esp),12 + Especial,1,,
Demashitta Power Puff Girls Z,Las chicas super poderosas Z,,Español,52,3,,
Denpa Teki na Kanojo,,,Japonés (Sub esp),2,1,,
Denpo Onna to Seishun Otoko,,,Japonés (Sub esp),12,1,,
Detroit Metal City,,,Japonés (Sub esp),12,1,,
Detroit Metal City Live Action,,,Japonés (Sub esp),Pelicula,1,,
Devil May Cry,,,Japones/Inglés,12,1,,
Devil Survivor 2,,Temporada Unica,Japonés (Sub esp),13,1,,
Devilman,,,Japonés (Sub esp),39,2,,
Devilman Live Action,,,Japonés (Sub esp),Pelicula,1,,
Devilman OVAs,,,Japonés (Sub esp),3,1,,
Devils and Realist,Makai Ouji - Devils and Realist,,Japonés (Sub esp),12,1,,
D-Fragments,,,Japonés (Sub esp),12,1,,
Diabolik Lovers,,,Japonés (Sub esp),14,1,,
Digimon,Digimon Adventures,Primera Temporada,Español,54,3,,
Digimon 02,,Segunda Temporada,Español,50 + Especial,3,,
Digimon Adventures Movies,,Primera Temporada Peliculas,Español y Japonés (Sub esp),2 Peliculas,1,,
Digimon Frontier,,Cuarta temporada,Español,50,4,,
Digimon Savers,,,Español,52,3,,
Digimon Tamers,,Tercera Temporada,Español,51,4,,
DN Angel,,,Japonés (Sub esp),26,2,,
Donten ni Warau,,,Japonés (Sub esp),12,1,,
Dragon Ball,,Primera Temporada,Español,153,5,,
Dragon Ball GT,,Tercera Temporada,Español,64,3,,
Dragon Ball Movies,,,Español,3 Peliculas,1,,
Dragon Ball Z,,Segunda Temporada,Español,291,14,,
Dragon Ball Z Episodio Bardock,,,Japonés (Sub esp),Especial,1,,
Dragon Ball Z Movies,,,Español,13 Peliculas + 2 Especiales,2,,
Dragon Crisis,,,Japonés (Sub esp),,0,,
Dragon Quest,,,Español,46,2,,
Dramatical Murder,,,Japonés (Sub esp),12,1,,
Durarara!,,,Japonés (Sub esp),24,2,,
Durarara!! X2,,Segunda Temporada,Japonés (Sub esp),12,1,,
El Castillo de Cagliostro,,GHIBLI,Español,1,1,,
El Castillo en el Cielo,,GHIBLI,Español/Japonés,Pelicula,1,,
El increible Castillo Vagabundo,Howl's Moving Castle,GHIBLI,Español/Japonés,Pelicula,1,,
El Increible Mago de OZ,The Wonderful Wizard of OZ,,Español,52,2,,
El increible Mago de Oz - La Pelicula,,Pelicula Resumen,Español,Pelicula,1,,
El Regreso de los Gatos,Haru en el reino de los gatos,GHIBLI,Español/Japonés,Pelicula,1,,
El Viaje de Chihiro,Spirt Away,GHIBLI,Español/Japonés,Pelicula,1,,
Elfen Lied,,,Japonés (Sub esp),13 + OVA,1,,
ENZAI - False Acusation,,,Japonés (Sub esp),2,1,,
Erementar Gerad,,,Japonés (Sub esp),26,2,,
Ergo Proxy,,,Japonés (Sub esp),23,2,,
Escaflowne La Pelicula,,,Japonés/Inglés,Pelicula,1,,
"Escaflowne, The Vision of",,,Español,26,2,,
Escha & Logy no Atelier - Tasogare no Sora no Rekinjutsushi,,,Japonés (Sub esp),13,1,,
Eureka Seven,,,Japonés (Sub esp),50 + especial,4,,
Eureka Seven  Astral Ocean,,,Japonés (Sub esp),24,2,,
"Eva, Pucci",Eva Petit,,Japonés (Sub esp),24,1,,
Evangelion Death and Rebirth,,,Japonés/Inglés,Pelicula,1,,
"Evangelion, Neon Genesis",,,Español,26,2,,
"Evangelion, Rebuild of",,,Japonés (Sub esp),3 Peliculas,2,,
"Evangelion, The End of",,,Español/Japonés,Pelicula,1,,
Eve no Jikan,Time of Eve,,Japonés (Sub esp),Pelicula,1,,
Excel Saga,,,Español,26,2,,
Expelled from Paradise,Rakuen Tsuihou,,Japonés (Sub esp),Pelicula,1,,
Eyeshield 21,,,Japonés (Sub esp),120,6,,
Fairy Tail,,,Japonés (Sub esp),175,9,,
Fairy Tail 2,,En emisión,Japonés (Sub esp),20/??,1,,
Fairy Tail Movie,,,Japonés (Sub esp),Pelicula,1,,
Fairy Tail OVAS,,,Japonés (Sub esp),4,1,,
Fantasista Doll,,,Japonés (Sub esp),12,1,,
Fantastic Children,,,Japonés (Sub esp),26,2,,
Fate Kaleid Liner,,,Japonés (Sub esp),10,1,,
Fate Stay Night,,Primera Temporada,Japonés (Sub esp),26,2,,
Fate Stay Night Unlimited Blade Works,,Primera Temporada Pelicula,Japonés (Sub esp),Pelicula + 2 Especiales,1,,
Fate Zero,,Segunda Temporada,Japonés (Sub esp),25,2,,
Fate/Stay Night Unlimited Balde Works TV,,,Japonés (Sub esp),25,2,,
Final Fantasy Spirit Within,Final Fantasy: El espiritu en nosotros,,Españo/Japonés/Inglés,Pelicula,1,,
Final Fantasy Unlimited,,,Japonés (Sub esp),25,2,,
Final Fantasy VII - Advent Child,,,Japones/Ingles,Pelicula,1,,
FLCL,,,Japonés (Sub esp),6,1,,
Food Wars,Shokugeki no Soma,,Japonés (Sub esp),24,2,"Comedia, cocina, slice of life",
Fractale,,,Japonés (Sub esp),11,1,,
Free!,,,Japonés (Sub esp),12 + Short movie,1,,
Free! Eternal Summer,,Segunda Temporada,Japonés (Sub esp),13,1,,
Freezing,,Primera Temporada,Japonés (Sub esp),12 + 6 omakes,1,,
Freezing Vibration,,Segunda Temporada,Japonés (Sub esp),12,1,,
Fruits Basket,,,Japonés (Sub esp),26,2,,
Full Metal Panic,,,Japonés (Sub esp),24,2,,
Full Metal Panic TSR,,,Japonés (Sub esp),13 + Especial + OVA,1,,
Full Metal Panic! Fumoffu,,,Japonés (Sub esp),12,1,,
Fullmetal Alchemist,,,Español/Inglés,51 + 5 OVA,4,,
Fullmetal Alchemist Shintetsu,Fullmetal Alchemist Brotherhood,,Japonés (Sub esp),64,5,,
Fullmetal Alchemist Shintetsu OVAS,,,Japonés (Sub esp),4 + 4 especiales,1,,
Fullmetal Alchemist The Movie - Conquerors of Shambala,,,Español/Japonés,Pelicula,1,,
Fullmetal Alchemist The Movie - Sacred Star of Milos,,,Japonés (Sub esp),Pelicula,1,,
Fushigi Yuugi,,,Japonés (Sub esp),52 + 3 OVA,3,,
Ga Rei Zero,,,Japonés (Sub esp),12,1,"Acción, sobrenatural, suspenso",
Gakuen Heaven,,,Japonés (Sub esp),13,1,"Shonen-ai, comedia",
Galilei Donna,,,Japonés (Sub esp),11,1,"Aventura, acción, sci-fi",
GANTZ,,,Japonés (Sub esp),26,2,"Acción, horror, suspenso, gore",
GANTZ - Live Action,,,Japonés (Sub esp),2 Peliculas,1,"Acción, horror, suspenso, gore",
Garden of the Sinners,Kara no Kyokai,,Japonés (Sub esp),7 Peliculas,2,"Acción, misterio, sobrenatural",
Garo,,,Japonés (Sub esp),13,1,,
Gatchaman Crowds,,,Japonés (Sub esp),12,1,"Acción, aventura, sci-fi, seinen",
Gekkan Shoujo Nozaki-kun,,,Japonés (Sub esp),12,1,"Comedia, romance, slice of life, escolar",
Gen'ei no Kakeru,,,Japonés (Sub esp),12,1,"Magia, drama, suspenso",
Genesis Climber Mospeada,,,Japonés (Sub esp),25,3,"Acción, mecha, aventura, romance",
Genocyber,,,Japonés (Sub esp),5,1,"Acción, sci-fi, horror, gore",
Genshiken,,Primera Temporada,Japonés (Sub esp),12,1,"Comedia, parodia, escolar",
Genshiken 2,,Segunda Temporada,Japonés (Sub esp),12,1,"Comedia, parodia, escolar",
Genshiken Nidaime,,Tercera Temporada,Japonés (Sub esp),13,1,"Comedia, parodia, escolar",
Get Backers,,,Japonés (Sub esp),49,4,"Aventura, acción, sobrenatural",
Ghost in the Shell,GITS,Primera Temporada,Japonés (Sub esp),26,2,"Acción, sci-fi, cyber punk",
Ghost in the Shell 2,"Pelicula - Innocence, OVA - Solid State Society",Segunda Pelicula,Español,Pelicula + OVA,1,"Acción, sci-fi, cyber punk",
Ghost in the Shell 2nd Stand Alone Complex,GITS 2nd SAC,Segunda temporada,Japonés (Sub esp),26,2,"Acción, sci-fi, cyber punk",
Ghost in the shell Arise,,Precuela,Japonés (Sub esp),4,1,"Acción, sci-fi, cyber punk",
Ghost in the Shell the Movie 2.0,,Primer pelicula,Inglés/Japones/Español/Frances,Pelicula,1,"Acción, sci-fi, cyber punk",
Gilgamesh,,,Japonés (Sub esp),26,2,"Horror, acción, drama, sci-fi",
Gintama,,Primera Temporada,Japonés (Sub Esp),201,10,"Aventura, comedia, drama, sci-fi, acción, fantasía",
Girlfriend Kari,,,Japonés (Sub esp),12,1,"Romance, slice of life, moe",
GJ Bu,,,Japonés (Sub esp),12,1,"Comedia, romance, slice of life ,escolar",
Godzilla Collection,,,Japonés (Sub esp) e Inglés (Sub esp),27 Peliculas,6,"Acción, sobrenatural",
Golden Time,,,Japonés (Sub esp),24,2,"Romance, comedia, drama",
Goshuushou-sama Ninomiya-kun,,,Japonés (Sub esp),12,1,"Ecchi, comedia, romance",
Gosick,,,Japonés (Sub esp),24,2,"Misterio, fantasía",
Gravitation,,,Japonés (Sub esp),13,1,"Shonena-ai, drama, comedia",
Grisaia no Kajitsu,Le Fruit de Grisaia,,Japonés (Sub esp),13,1,"Acción, suspenso, harem, ecchi",
Grisaia no Meikyuu,Le Labyrinthe de la Grisaia,Segunda Temporada,Japonés (Sub esp),Pelicula,1,"Acción, suspenso, harem, ecchi",
Grisaia no Rakuen,Le Eden de la Grisaia,Tercera Temporada,Japonés (Sub esp),10,1,"Acción, suspenso, harem, ecchi",
GTO,Great Teacher Onizuka,,Japonés (Sub esp),43,2,"Comedia, escolar, slice of life",
Gugure! Kokkuri-san!,,,Japonés (Sub esp),12,1,"Comedia, romance, fantasía",
Guilty Crown,,,Japonés (Sub esp),22 + Especial,2,"Acción, sci-fi, romance",
Gunbuster,,,Japonés (Sub esp),6,1,"Mecha, sci-fi, soap opera",
Gunbuster 2,Diebuster,,Japonés (Sub esp),6,1,"Acción, mecha, comedia",
Gundam  Wing,,,Español,49 + 3 OVA,3,"Mecha, acción",
Gundam SEED,,,Japonés (Sub esp),50 + OVA,4,"Acción, mecha, drama",
Gundam SEED Destiny,,,Japonés (Sub esp),51,4,"Acción, mecha, drama",
Gundam SEED Destiny Special Edition,,,Japonés (Sub esp),4 Peliculas,1,"Acción, mecha, drama",
"Gundam Unicorn, Mobile Suit",,,Japonés (Sub esp),7,1,"Acción, mecha, suspenso",
GYO - Tokyo Fish Attack,,,Japonés/inglés,Pelicula,1,"Horro, sci-fi, acción, gore",
Hadi Girl,,,Japonés (Sub esp),10,1,"Comedia, romance",
Haibane no Renmei,,,Japonés (Sub esp),13,1,"Misterio, suspenso, psicológico",
Haikyuu!,,,Japonés (Sub esp),25,2,"Deportes, slice of life",
Haiyore Nyaruko-san,,,Japonés (Sub esp),12,1,"Comedia, romance, ecchi",
Haiyore Nyaruko-san W,,,Japonés (Sub esp),12,1,"Comedia, romance, ecchi",
Hajime no Ippo,,Primera Temporada,Español,75,3,"Deportes, slice of life",
Hajime no Ippo Champion Road,,Pelicula,Japonés (Sub esp),Pelicula,1,"Deportes, slice of life",
Hajime no Ippo New Challenger,,Segunda Temporada,Japonés (Sub esp),26,2,"Deportes, slice of life",
Hajime no Ippo Rising,,Tercera Temporada,Japonés (Sub esp),25,2,"Deportes, slice of life",
Hakuoki Hekketsuroku,,Segunda Temporada,Japonés (Sub esp),10,1,"Samurai, tragedia romance, herem invertido",
Hakuoki Reimeiroku,,Tercera Temporada,Japonés (Sub esp),12,1,"Samurai, tragedia romance, herem invertido",
Hakuoki Sekkaroku,,OVAS,Japonés (Sub esp),6,1,"Samurai, tragedia romance, herem invertido",
Hakuoki Shinsengumi Kitan,,Primera Temporada,Japonés (Sub esp),12,1,"Samurai, tragedia romance, herem invertido",
Hakushaku to Yousei,,,Japonés (Sub esp),12,1,"Romance, fantasía, suspenso",
HAL,,,Japonés (Sub esp),Pelicula,1,"Romance, drama, fantasía",
HALO Legends,,,Japonés/Inglés,8 Peliculas,1,"Acción, aventura, espacial",
Hamatora,,Primera Temporada,Japonés (Sub esp),12,1,"Misterio, acción, sobrenatural",
Hanamonogatari,,Quinta Temporada,Japonés (Sub esp),5,1,"Sobrenatural, acción, suspenso, comedia",
Hanasakeru Seishounen,,,Japonés (Sub esp),39,3,"Drama, romance, harem invertido",
Hanbun no Tsuki ga Noboru Sora,Hantsuki,,Japonés (Sub esp),6,1,"Drama, romance, slice of life",
Hataraku no Maou-sama,,,Japonés (Sub esp),13,1,"Comedia, fantasía",
Hatsukoi Limited,,,Japonés (Sub esp),12,1,"Romance, drama, escolar, comedia",
Hayate no Gotoku,Hayate the Combat Butler,Primera Temporada,Japonés (Sub esp),52,3,"Comedia, Romance, Harem",
Hayate no Gotoku Cuties,,Cuarta temporada,Japonés (Sub esp),12,1,"Comedia, Romance, Harem",
Hayate no Gotoku!!,Hayate the Combat Butler,Segunda Temporada,Japonés (Sub esp),25,2,"Comedia, Romance, Harem",
He is my master,Kore ga watashi no goushajin sama,,Japonés (Sub esp),12,1,"Comedia, ecchi, romance",
Heart no Kuni no Alice - Wonderful Wonder World,,,Japonés (Sub esp),Pelicula,1,"Comedia, fantasía, romance, harem invertido, bishounen",
HEIDI,,,Español,52,4,"Drama, slice of life",
Hell Girl,,Primera Temporada,Japonés (Sub esp),26,2,"Sobrenatural, suspenso, misterio, thriller",
Hell Girl (Español),,Primera Temporada,Español,26,2,"Sobrenatural, suspenso, misterio, thriller",
Hell Girl Futakomori,,Segunda Temporda,Japonés (Sub esp),26,2,"Sobrenatural, suspenso, misterio, thriller",
Hell Girl Live Action,,,Japonés (Sub esp),12,1,"Sobrenatural, suspenso, misterio, thriller",
Hell Girl Mitsuganae,,Tercera Temporada,Japonés (Sub esp),26,2,"Sobrenatural, suspenso, misterio, thriller",
Hellsing,,,Español/Japonés,13,1,"Acción, sobrenatural, misterio, thriller",
"Hellsing, Ultimate",Ultimate Hellsing,,Japonés (Sub esp),10 + 3 Omakes,3,"Acción, sobrenatural, misterio, thriller",
Hentai Ouji to Warawanai Neko,,,Japonés (Sub esp),12,1,"Fantasía, romance, comedia, ecchi",
Heroic Age,,,Japonés (Sub esp),26,2,"Acción, mecha, sci-fi, romance",
Hidan no Aria,Aria the Scarlet Ammo,,Japonés (Sub esp),13,1,,
Higashi no Eden,Eden of the east,,Japonés (Sub esp),11,1,"Suspenso, acción, aventura, romance",
High School DXD,,Primera Temporada,Japonés (Sub esp),12,1,"Sobrenatural, comedia, romance, ecchi",
High School DXD BorN,,Tercera Temporada,Japonés (Sub esp),12,1,"Sobrenatural, comedia, romance, ecchi",
High School DXD New,,Segunda Temporada,Japonés (Sub esp),12,1,"Sobrenatural, comedia, romance, ecchi",
High School DXD OVAS,,Primera Temporada - Especiales y OVAs,Japonés (Sub esp),2 OVA + 6 Especiales,1,"Sobrenatural, comedia, romance, ecchi",
Highschool of the Dead,HOTD,,Japonés (Sub esp),12 + OVA,1,"Acción, supervivencia, ecchi",
Higurashi no na Ku koro ni,,,Japonés (Sub esp),26 + OVA,2,"Misterio, terror, sobrenatural",
Higurashi no na ku koro ni Kira,,,Japonés (Sub esp),4,1,"Misterio, terror, sobrenatural",
Higurashi no naku koro ni Kai,,,Japonés (Sub esp),24,1,"Misterio, terror, sobrenatural",
Hiiro no Kakera,,,Japonés (Sub esp),13,1,"Romance, fantasía, harem invertido",
Hiiro no Kakera 2,,,Japonés (Sub esp),13,1,"Romance, fantasía, harem invertido",
Historias de Fantasmas,Gakko no Kaidan,,Español,26,2,"Sobreantural, terror, misterio",
Hitsugi no Chaika,,,Japonés (Sub esp),12,1,"Aventura, acción, comedia",
Hitsugi no Chaika - Avenging Battle,,Segunda Temporda,Japonés (Sub esp),12,1,"Aventura, acción, comedia",
Holic,,Primera Temporada,Japonés (sub esp),24,2,"Sobrenatural, fantasía, misterio, crossover",
Holic (Español),,Primera Temporada,Español,24,2,"Sobrenatural, fantasía, misterio, crossover",
Holic Kei,,Segunda Temporada,Japonés (Sub esp),12,1,"Sobrenatural, fantasía, misterio, crossover",
Holic Manatsu no Yoru no Yume,,Pelicula,Japonés (Sub esp),Pelicula,1,"Sobrenatural, fantasía, misterio, crossover",
Holic Shunmuki + Rou,,Tercera y Cuarta Temporada,Japonés (Sub esp),2+1,1,"Sobrenatural, fantasía, misterio, crossover",
"Hols, El principe del sol",,GHIBLI,Español/Japones,Pelicula,1,"Fantasía, aventura",
Hora de Aventura,Adventure Time,6  Temporadas,Español,156,7,"Aventura, fantasía, comedia",
Hoshi O ou Kodomo,Children who Chase Voices from deep below,,Japonés (Sub esp),Pelicula,1,"Aventura, fantasía, romance",
Hotarubi no mori e,,,Japonés (Sub esp),Pelicula,1,"Romance, drama, sobrenatural",
Hozuki no Reitetsu,,,Japonés (Sub esp),12,1,"Comedia, sobrenatural",
HunterXHunter,,Primera Temporada,Japonés (Sub esp),62 + 8 OVA,3,"Aventura, acción, fantasía",
HunterXHunter (2014),,,Japonés (Sub esp),,9,"Aventura, acción, fantasía",
Hyakka Ryoran Samurai Bride,,Segunda Temporada,Japonés (Sub esp),12 + 6 oamkes,1,"Acción, comedia, romance, ecchi",
Hyakka Ryoran Samurai Girl,,Primera Temporada,Japonés (Sub esp),12,1,"Acción, comedia, romance, ecchi",
Hybrid Child,,,Japonés (Sub esp),4,1,"Shonen-ai, drama, romance",Relacionado co Junjou Romantica y Sekaiichi Hatsukoi.
Hyouka,,,Japonés (Sub esp),22,2,"Escolar, misterio, slice of life",
Hyperdimension Neptunia,Choujigen Game Neptune,,Japonés (Sub esp),12,1,"Acción, fantasía, ecchi",
Ichiban Uchiro Daimaou,,,Japonés (Sub esp),12 + 6 OVA,1,"Comedia, sobrenatural, ecchi",
Ikkitousen,,,Japonés (Sub esp),13,1,"Shonen, acción, ecchi",
Ikkitousen Dragon Destiny,,,Japonés (Sub esp),12 + 6 OVA,1,"Shonen, acción, ecchi",
Ikkitousen Great Guardians,,,Japonés (Sub esp),12 + 6 OVA,1,"Shonen, acción, ecchi",
Ikkitousen Xtreme Xecutor,,,Japonés (Sub esp),12 + 6 OVA,1,"Shonen, acción, ecchi",
Inari Kon Kon Koi Iruha,,,Japonés (Sub esp),10,1,"Comedia, romance, fantasía, slice of life",
Inazuma Eleven,,,Español y Japones,127,7,"Deportes, acción, fantasía",
Infinite Stratos,,,Japonés (Sub esp),12,1,"Acción, mechas, sci-fi, ecchi",
Infinite Stratos 2,,,Japonés (Sub esp),12,1,"Acción, mechas, sci-fi, ecchi",
Initial D,,,Español,26,2,"Acción, carreras de autos",
Initial D Fourth Stage,,,Japonés (Sub esp),24,2,"Acción, carreras de autos",
Initial D Second Stage,,,Español/Japonés,13,1,"Acción, carreras de autos",
Inou Battle wa Nichijou-kei no Naka,,,Japonés (Sub esp),12,1,"Comedia, aventura, acción, poderes, romance",
Interlude,,,Japonés (Sub esp),3,1,"Acción, sobrenatural, gore",
Interstella 5555,,,Inglés (Musica),Short Movie,1,"Videos Musicales, espacial, aventura",
Inu to Hasami wa Tsukaiyou,,,Japonés (Sub esp),12,1,"Comedia, fantasía, harem",
Inu X Boku SS,,,Japonés (Sub esp),12,1,"Sobrenatural romance, ecchi",
Inuyasha,,,Español,167,10,"Aventura, romance, fantasía, sobrenatural",
Inuyasha Kanketsu-hen,,Segunda Temporada,Japonés (Sub esp),26,2,"Aventura, romance, fantasía, sobrenatural",
Inuyasha: El amor que trasciende en el timepo,,Pelicula 1,Japonés/Español,Pelicula,1,"Aventura, romance, fantasía, sobrenatural",
Inuyasha: El Castillo de los Sueños en el Espejo,,Pelicula 2,Japonés/Español,Pelicula,1,"Aventura, romance, fantasía, sobrenatural",
Inuyasha: Fuego en la Isla Mistica,,Pelicula 4,Japonés/Español,Pelicula,1,"Aventura, romance, fantasía, sobrenatural",
Inuyasha: La Espada Conquistadora,,Pelicula 3,Japonés/Español,Pelicula,1,"Aventura, romance, fantasía, sobrenatural",
"Irirya no Sora, UFO no natsu",,,Japonés (Sub esp),6,1,"Drama, comedia, sci-fi",
IRON MAN,,,Japonés (Sub esp),12,1,Acción,
Is it wrong to try to pick-up girls in a dungeon?,Danmachi | Dungeon ni deai wo motomeru no wa machigatteiru darou ka?,,Japonés (Sub esp),13,1,"Acción, fantasía, romance, ecchi",
Isshukan Friends,,,Japonés (Sub esp),11,1,"Comedia, slice of life",
Itazura na Kiss,,,Japonés (Sub esp),25,2,"Romance, drama, comedia",
Ixion Saga,,,Japonés (Sub esp),26,2,"Acción, fantasía",
Jojo's Bizarre Adventures - Stardust Crusaders,,Tercera Saga,Japonés (Sub esp),25,2,,
Jormungand,,Primera Temporada,Japonés (Sub esp),12,1,,
Jormungand Perfect Order,,Segunda Temporada,Japonés (Sub esp),12,1,,
Junjou Romantica,,,Japonés (Sub esp),12,1,,
Junjou Romantica 2,,,Japonés (Sub esp),12,1,,
Junketsu no Maria,,,Japonés (Sub esp),12,1,,
K Project,,,Japonés (Sub esp),13,1,,
Kaichou wa Maid-sama,,,Japonés (Sub esp),26,2,,
Kaleido Star,,,Español y Japones,49 + 3 Ova + Extras,5,,
Kami nomi zo Shiru Sekai,,Primera Temporada,Japonés (Sub esp),12,1,,
Kami nomi zo Shiru Sekai II,,Segunda Temporada,Japonés (Sub esp),12,1,,
Kami nomi zo shiru Sekai Megami Hen,,Tercera Temporada,Japonés (Sub esp),12 + OVA + 3 Especiales,1,,
Kamigami no Asobi,,,Japonés (Sub esp),13,1,,
Kamisama Hajimemashita,,,Japonés (Sub esp),13,1,,
Kamisama Hajimemashita 2,,Segunda Temporada,Japonés (Sub esp),12,1,,
Kamisama no memo-chou,,,Japonés (Sub esp),12,1,,
Kampfer,,Primera Temporada,Japonés (Sub esp),12,1,,
Kampfer Fur Die Liebe,,Segunda Temporada,Japonés (Sub esp),2 + 7 especiales,1,,
Kanokon,,,Japonés (Sub esp),12,1,,
Kanon,,,Japonés (Sub esp),24,2,,
Karas,,,Japonés (Sub esp),6 Peliculas,1,,
Kare Kano,Kareshi to Kanojo no Jijou,,Japonés (Sub esp),26,2,,
Karen Senki,,,Japonés (Sub esp),11,1,,
Karin,,,Japonés (Sub esp),25,2,,
Karneval,,,Japonés (Sub esp),13,1,,
Katekyo Hitman Reborn!,Reborn!,,Japonés (Sub esp),203 + OVA,1,,
Kaze no Stigma,,,Japonés (Sub esp),24,2,,
Kenichi,,,Español,50,3,,
Kenichi OVAS,,,Japonés (Sub esp),10,1,,
Kenzen Robo Daimidaler,,,Japonés (Sub esp),12,1,,
Kiba,,,Español,51,3,,
Kiki Entregas a Domicilio,,,Español,Pelicula,1,,
Kikou Shoujo wa Kizutsukanai,Unbreakable Machine Doll,,Japonés (Sub esp),12,1,,
Kill la Kill,,,Japonés (Sub esp),24,2,,
Kimagure Orange Road,,,Japonés (Sub esp),,3,,
Kimi ga nozomu eien Next Season + Akane Maniax,,Segunda Temporda y Spin-off,Japonés (Sub esp),3 + 4,1,,
Kimi ga Nozumu Eien,Kiminozo | Rumbling Hearts,Primera Temporada,Japonés (Sub esp),14,1,,
Kimi ni Todoke,,Primera Temporada,Japonés (Sub esp),25,2,,
Kimi ni Todoke 2nd,,Segunda Temporada,Japonés (Sub esp),13,1,,
Kimi no iru machi,,,Japonés (Sub esp),12 + 2 OVA,1,,
"King of Fighter Another Day, The",,,Japonés (Sub esp),4,1,,
"King of Pigs, The",,,Japonés (Sub esp),Pelicula,1,,
King of Thron,,,Japonés (Sub esp),Pelicula,1,,
Kingdom,,Primera Temporada,Japonés (Sub esp),38,3,,
Kiseijuu: Sei no Kakuritsu,,,Japonés (Sub esp),25,2,,
KissXSis,,Segunda Temporada,Japonés (Sub esp),12,1,,
KissXSis OVAS,,Primera Temporada,Japonés (Sub esp),10,1,,
Kitakubu Katsudou Kiroku,,,Japonés (Sub esp),12,1,,
Kobato,,,Japonés (Sub esp),24,2,,
K-ON!,,Primera Temporada,Japonés (Sub esp),13,1,,
K-ON! Movie,,Pelicula,Japonés (Sub esp),Pelicula,1,,
K-ON!!,,Segunda Temporada,Japonés (Sub esp),26,2,,
Kore wa Zombie desu ka?,,,Japonés (Sub esp),12,1,,
Kore wa Zombie desu ka? Of DEATH,,,Japonés (Sub esp),11 + OVA 00,1,,
"Kumou no Mukou, Yakusoku no Basho",The place promised in our early days,,Japonés (Sub esp),Pelicula,1,,
Kurogane no Linebarrels,,,Japonés (Sub esp),24,2,,
Kurokami,,,Japonés (Sub esp),24,2,,
Kuroko no Basuke,The Basketball which Kuroko plays,Primera temporada,Japonés (Sub esp),25,2,,
Kuroko no Basuke 2nd,The Basketball whick Kuroko Plays,Segunda Temporada,Japonés (Sub esp),13,1,,
Kuroko no Basuke 3rd Season,,Tercera Temporada,Japonés (Sub esp),25,2,,
Kuroshitsuji,Black Butler,Primera temporada,Japonés (Sub esp),24,2,,
Kuroshitsuji II,Black Butler,Segunda Temporada,Japonés (Sub esp),12 + 2 OVA,1,,
Kuroshitsuji II OVAS,Black Butler,Segunda Temporada OVAS,Japonés (Sub esp),5 OVA + 4 Extras,1,,
Kuroshitsuji Live Action,Black Butler,Pelicula,Japonés (Sub esp),Pelicula,1,,
Kuroshitsuji: Book of Murderer,,Cuarta Temporda,Japonés (Sub esp),2,1,,
Kyokai no Kanata,,,Japonés (Sub esp),12,1,,
Kyousougiga,,,Japonés (Sub esp),10,1,,
La Colina de las Amapolas,Kokuriko Zaka Kara,,Japonés (Sub esp),Pelicula,1,,
La Corda d'Oro,,Primera Temporada,Japonés (Sub esp),25,2,,
La Corda d'Oro Blue Sky,,Tercera Temporada,Japonés (Sub esp),12,1,,
La Princesa Mononoke,Mononoke Hime,,Español/Japonés,Pelicula,1,,
La Tumba de las Luciernagas,Grave of Fireflies,,Español/Japonés,Pelicula,1,,
Las Guerreras Mágicas,Rayearth,,Español/Japonés,49 + 3 OVA,3,,
LOCODOL,Futsu no Joshikousei ga LOCODOL yattemita,,Japonés (Sub esp),12,1,,
LOG Horizon,,,Japonés (Sub esp),25,2,,
LOG Horizon 2,,Segunda Temporada,Japonés (Sub esp),25,1,,
Love Hina,,3 Disco con OVAS,Japonés (Sub esp),25,2,,
Love Live! School Idol Project,,Primera Temporada,Japonés (Sub esp),13,1,,
Love Live! School Idol Project 2,,Segunda Temporada,Japonés (Sub esp),13,1,,
Love Stage!!,,,Japonés (Sub esp),10,1,,
Loveless,,,Japonés (Sub esp),12 + 6 omakes,1,,
Lovely Complex,,,Japonés (Sub esp),24,2,,
Lovely Idol,,,Japonés (Sub esp),12,1,,
Lucky Star,,,Japonés (Sub esp),24 + OVA,2,,
M3 - Sono Kuroki no Hagane,,,Japonés (Sub esp),25,2,,
Macross Frontier,,,Japonés (Sub esp),25,2,,
Macross Frontier Sayonara no Tsubasa,,Pelicula 2,Japonés (Sub esp),Pelicula,1,,
Macross Zero,,,Japonés (Sub esp),5,1,,
Madan no Ou to Vanadis,,,Japonés (Sub esp),26,1,,
Magi - The Kingdom of Magic,,Segunda Temporada,Japonés (Sub esp),25,2,,
Magi - The Labyrinth of Magic,,Primera Temporda,Japonés (Sub esp),25,2,,
Mahou Sensou,,,Japonés (Sub esp),12,1,,
Mahou Shoujo Madoka Magica,Puella Magi Madoka Magica,,Japonés (Sub esp),12,1,,
Mahou Shoujo Madoka Magica Movie 1,Beginnings,Primera pelicula,Japonés (Sub esp),Pelicula,1,,
Mahou Shoujo Madoka Magica Movie 2,Eternal,Segunda Pelicula,Japonés (Sub esp),Pelicula,1,,
Mahou Shoujo Madoka Magica Movie 3,Rebellion,Tercera Pelicula,Japonés (Sub esp),Pelicula,1,,
Mahouka Koukou no Rettousei,,,Japonés (Sub esp),26,2,,
Maji de Watashi na Koi shinasai,,,Japonés (Sub esp),12,1,,
Majin Bone,,,Japonés (Sub esp),26,2,,
Maken-ki!,,Primera Temporada,Japonés (Sub esp),12 + OVA,1,,
Maken-ki! Two,,Segunda Temporada,Japonés (Sub esp),12,1,,
Mangaka-san to Assistant-san to,,,Japonés (Sub esp),12,1,,
Maoyuu Maou Yuusha,,,Japonés (Sub esp),12,1,,
Mardock Scramble,,,Japonés (Sub esp),3 Peliculas,3,,
Marginal Princess,,,Japonés (Sub esp),13,1,,
Maria Holic,,,Japonés (Sub esp),12,1,,
Maria Holic Alive,,,Japonés (Sub esp),12,1,,
Maria-sama ga Mitteru,,Serie Completa con OVAS,Japonés (Sub esp),44 + 29 omakes,4,,
Marmalade Boy,,4 Temporadas,Español,76 + Pelicula,3,,
Mayo Chiki,,,Japonés (Sub esp),12,1,,
Mazinger Z,,,Español,92 + Pelicula,5,,
Mazinkaiser SKL,,,Japonés (Sub esp),3,1,,
Medabots,,,Español,39,3,,
Medaka Box,,Primera Temporada,Japonés (Sub esp),12,1,,
Medaka Box Abnormal,,Segunda Temporada,Japonés (Sub esp),12,1,,
Meganebu!,,,Japonés (Sub esp),12,1,,
Meine Liebe,,Primera Temporada,Japonés (Sub esp),13,1,,
Meine Liebe Wieder,,Segunda Temporada,Japonés (Sub esp),13,1,,
Mekaku City Actors,,,Japonés (Sub esp),13,1,,
Mermaid Forest,,,Japonés (Sub esp),13,1,,
Mew Mew Power,Tokyo Mew Mew,,Japonés (Sub esp),52,4,,
Mi vecino Totoro,Tonari no Totoro,,Español/Japonés,Pelicula,1,,
Midori,,,Japonés (Sub esp),Pelicula,1,,
Midori no Hibi,,,Japonés (Sub esp),13,1,,
"Mikami, la caza fantasmas",Ghost Sweeper Mikami,,Español,45 + Pelicula,4,,
Minami- ke,,Primera Temporada,Japonés (Sub esp),13,1,,
Minami-ke Okaeri,,Tercera Temporada,Japonés (Sub esp),13,1,,
Minami-ke Okawari,,Segunda Temporda,Japonés (Sub esp),13,1,,
Minami-ke Tadaima,,Cuarta Temporda,Japonés (Sub esp),13,1,,
Miracle train,,,Japonés (Sub esp),13,1,,
Mirai Nikki,,,Japonés (Sub esp),26,2,,
Mirmo Zibang!,,,Español,172,9,,
Mitsudomoe,,Primera Temporada,Japonés (Sub esp),14,1,,
Mitsudomoe  Zoryochu,,Segunda Temporada,Japonés (Sub esp),8,1,,
MM!,,,Japonés (Sub esp),12+ 6 especiales + 3 omake,1,,
Mnemosyne,,,Japonés (Sub esp),6,1,,
Momo Kyun Sword,,,Japonés (Sub esp),12,1,,
Mondaiji-tachi ga Isekai Kara Kuru Sou desu yo,,,Japonés (Sub esp),10,1,,
Monochrome Factor,,,Japonés (Sub esp),24,2,,
Monogatari Series - Second Season,,"Cuarta Temporada, para secuela vease Nekomonogatari",Japonés (Sub esp),26,2,,
Monster,,,Japonés (Sub esp),74,3,,
Monster Rancher,,,Español,73,4,,
Mouretsu Pirates,,,Japonés (Sub esp),26,2,,
Murder Princess,,,Japonés (Sub esp),6,1,,
Mushi-shi,,Primera Temporda,Español,26,2,,
Muv-Luv Total Eclipse,,,Japonés (Sub esp),24,2,,
Mythical Detective Loki Ragnarok,,,Español/Japonés/Ingles (Sub esp/ing),26,2,,
Nabari no Ou,,,Japonés (Sub esp),26,2,,
Nagi no asukara,,,Japonés (Sub esp),26,2,,
Naruto,,,Japonés (Sub esp),220,11,,
NARUTO (Español),,,Español,220,11,,
Naruto Movies 1,,Pelicula 1 - El rescate de la Princesa de la Nieve | Pelicula 2: Las ruinas ilusorias en el fondo de la tierra,Japonés (Sub esp),2 Peliculas + 4 Ova,1,,
Naruto Movies 2,,Pelicula 3  :Panico animal en la isla de la luna creciente | Pelicula 4: La muerte de Naruto,Japonés (Sub esp),2 Peliculas,1,,
Naruto Movies 3,,Pelicula 5: Lazos | Pelicula 6: La voluntad del fuego sigue ardiendo,Japonés (Sub esp),2 Peliculas,1,,
Naruto Movies 4,,Pelicula 7: La torre Perdida (Lost Tower),Japonés (Sub esp),Pelicula,1,,
Naruto Movies 5,,Pelicula 8: Prision de Sangre (Blood Prision),Japonés (Sub esp),Pelicula,1,,
Naruto Movies 6,,Pelicula 9: Road to ninja (Camino Ninja),Japonés (Sub esp),Pelicula,1,,
Naruto Movies 7,The Last,Pelicula,Japonés (Sub esp),Pelicuka,1,,
Naruto Shippuden,,,Japonés (Sub esp),370/??,19,,
Natsume Yuujin Chou,,Primera Temporada,Japonés (Sub esp),13,1,,
"Natsume Yuujin Chou, Zoku",,Segunda Temporada,Japonés (Sub esp),13,1,,
Natsume Yuujinchou Shi,,Cuarta Temporada,Japonés (Sub esp),13,1,,
Natsume Yuujn Chou San,,Tercera Temporada,Japonés (Sub esp),13,1,,
Natsuyuki Rendezvous,,,Japonés (Sub esp),11,1,,
Nausicaa del Valle del Viento,,,Español/Japonés,Pelicula,1,,
Needless,,,Japonés (Sub esp),24,2,,
Negima,,Tercer disco con OVAs,Japonés (Sub esp),26 + 7 OVAS,3,,
Nekomonogatari,,"Tercera Temporada, Para segunda temporada vease Nisemonogatari",Japonés (Sub esp),4,1,,
Neo Angelique Abyss,,Primera Temporda,Japonés (Sub esp),13,1,,
Neo Angelique Abyss - Second Age,,Segunda Temporda,Japonés (Sub esp),13,1,,
Neppu Kairiku Bushi Road,,,Japonés (Sub esp),Pelicula,1,,
Ninja resurrection,,,Español/Inglés,Pelicula,1,,
Ninja Scroll,,,Japonés/Español/Inglés,Pelicula,1,,
Nisekoi,,,Japonés (Sub esp),12,1,,
Nisekoi S2,,Segunda Temporada,Japonés (Sub esp),3 OVA + 12,1,,OVAS de laTemporada 1
Nisemonogatari,,"Segunda Temporada, para primera temporada vease Bakemonogatari",Japonés (Sub esp),11,1,,
"No Game, No Life",,,Japonés (Sub esp),12,1,,
No. 6,,,Japonés (Sub esp),11,1,,
Nobunaga the Fool,,,Japonés (Sub esp),25,2,,
Nobunagun,,,Japonés (Sub esp),13,1,,
Nodame Contabile Paris-hen,,,Japonés (Sub esp),11,1,,
Nogizaka Haruka no Himitsu,,Primera Temporda,Japonés (Sub esp),12,1,,
Noragami,,,Japonés (Sub esp),13,1,,
"Nube, el maestro del infierno",Jigoku Sensei Nube,,Japonés (Sub esp),48,3,,
Nyan koi!,The Nyan koi show,,Japonés (Sub esp),12,1,,
Nyanpire,,,Japonés (Sub esp),12,1,,
Oda Nobuna no Yabou,,,Japonés (Sub esp),12,1,,
Omamori Himari,,,Japonés (Sub esp),12,1,,
One Outs,,,Japonés (Sub esp),25,2,,
One Piece,,,Japonés (Sub esp),650/??,25,,
One Piece 3DY2,,,Japones (Sub esp),Pelicula,1,,
One Piece Dream 9,,Dream 9: GokuXLuffyXToriko | Especial de Nami | Especial de Luffy,Japonés (Sub esp),4 Especiales,1,,
One Piece Especiales y OVAs,,,Japonés (Sub esp),9,1,,
One Piece Movies,,,Japonés (Sub esp),12 Peliculas,7,,
Oneechan ga kitta,,,Japonés (Sub esp),12 + OVA,1,,
Onegai Teacher!,,,Japonés (Sub esp),13,1,,
Onegai Twins!,,,Japonés (Sub esp),13,1,,
Only Yesterday,Omohide Poro Poro,,Español/Japones,Pelicula,1,,
Ookami kakushi,,,Japonés (Sub esp),12,1,,
Ookami shoujo to Kuro Ouji,,,Japonés (Sub esp),12,1,,
Ookami-san to shichinin no nakamatachi,Ookami-san and her seven companions,,Japonés (Sub esp),12,1,,
Ore no Imouto ga Konna Kawaii wake ga nai,Oreimo,Primera Temporada,Japonés (Sub esp),13 + OVA,1,,
Ore no Imouto ga Konna Kawaii wake ga nai 2,Oreimo,Segunda Temporada,Japonés (Sub esp),13,1,,
Ore no kanojo to osanajimi ga shuraba sugiru,,,Japonés (Sub esp),12,1,,
Ore no Nounai Sentakushi ga Gakuen Love-Comedy wo Zenryoku de Jama Shiteiru,NOUCOME,,Japonés (Sub esp),10,1,,
Ore Twintail ni Narimasu,,,Japonés (Sub esp),12,1,,
Orenchi no Furo Jijou,,,Japonés (Sub esp),12,1,,
Oretachi wa Tsubasa wa nai,Under the innocent sky,,Japonés (Sub esp),12,1,,
Otome Youkai Zakuro,,,Japonés (Sub esp),13,1,,
Ouran Highschool Host Club,,,Japonés (Sub esp),26,2,,
Over Drive,,,Japonés (Sub esp),26,2,,
Pandora Hearts,,,Japonés (Sub esp),25 + 6 oamkes,2,,
Panty and Stocking with Garterbelt,,,Japonés (Sub esp),13 + OVA,1,,
Papa no iu koto wo kikinasai,Papakiki,,Japonés (Sub esp),26,1,,
Papa to kiss in the Dark,,,Japonés (Sub esp),2,1,,
Paprika,,,Español/Japonés/Inglés/Otros,Pelicula,1,,
Paradise Kiss,,,Japonés (Sub esp),12,1,,
Paranoia Agent,,,Japonés (Sub esp),13,1,,
Parasite Dolls,,,Español/inglés,Pelicula,1,,
Patlabor - Policia Especial,,,Español,47,3,,
Perfect Blue,,,Japonés / Español,Pelicula,1,,
Persona 4 - The Animation,,,Japonés (Sub esp),25,2,,
Persona Trinity Soul,,,Japonés (Sub esp),26,2,,
Petshop of Horrors,,,Japonés (Sub esp),4,1,,
Photo Kano,,,Japonés (Sub esp),12,1,,
Pokemon 16 - Diancie y la Crisalida de la Destrucción,,Pelicula 16,Japonés (Sub esp),Pelicula,1,,
Pokemon M01 - Mew vs Mew Two,,Mew/Mew Two,Español/Inglés y o Japones,Pelicula,1,,
Pokemon M02 - La Pelicula 2000,,Lugia/articuno/Moltres/Zapdos,Español/Inglés y o Japones,Pelicula,1,,
Pokemon M03 - El secreto de los Unknown,,Entei,Español/Inglés y o Japones,Pelicula,1,,
Pokemon M04 - Celebi y la Voz del Bosque,,Celebi/Suicune,Español/Inglés y o Japones,Pelicula,1,,
Pokemon M05 - Heroes,,Latios/Latias,Español/Inglés y o Japones,Pelicula,1,,
Pokemon M07 - El Destino de Deoxys,,Deoxys,Español/Inglés y o Japones,Pelicula,1,,
Pokemon M08 - Lucario y el Misterio de Mew,,Lucario/Mew,Español/Inglés y o Japones,Pelicula,1,,
Pokemon M09 - Ranger y el Templo del Mar,,,Español/Inglés y o Japones,Pelicula,1,,
Pokemon M11 - Giratina y el Defensor de los Cielos,,Giratina/Shaymin,Español/Inglés y o Japones,Pelicula,1,,
Pokemon M12 - Arceus y la Joya de la Vida,,Arceus/Dialga/Palkia/Giratina,Español/Inglés y o Japones,Pelicula,1,,
Pokemon M13 - Zoroark el Maestro de las Ilusiones,,Zoroark,Español/Inglés y o Japones,Pelicula,1,,
Pokemon M14 - Black and White,,Victiny/Zekrom/Reshiram,Español y Japones,Pelicula,1,,
Pokemon M15 - Kyurem vs La espada de la Justicia,,Kyurem/Keldeo,Japonés (Sub esp),Pelicula,1,,
Pokemon Origins,,,Español/Japonés (Sub esp),4,1,,
Pokemon T1,,,Español,82,4,,
Pokemon T10,,Temporada 10,Español,51,3,,
Pokemon T2,,,Español,36,2,,
Pokemon T3,,,Español,41,2,,
Pokemon T4,,,Español,52,3,,
Pokemon T5,,,Español,65,4,,
Pokemon T6,,,Español,40,3,,
Pokemon T7,,,Español,52,3,,
Pokemon T8,,,Español,52,4,,
Pompoko,,,Español/Japonés,Pelicula,1,,
Ponyo en el Acantilado,,,Español/Japonés,Pelicula,1,,
Porco Rosso,,,Español/Japonés,Pelicula,1,,
"Portrait de la Petit Cossette, Le",,,Japonés (Sub esp),3,1,,
Princess Lover,,,Japonés (Sub esp),12,1,,
Princess Lover Omakes,,,Japonés (Sub esp),2 OVA + 18 Especiales,1,,
Princess Princess,,,Japonés (Sub esp),12,1,,
Psycho-Pass,,Primera Temporada,Japonés (Sub esp),22,2,,
Psycho-Pass 2,,Segunda Temporada,Japonés (Sub esp),11,1,,
Puedo escuchar el mar,Umi ga kikoeru,,Español/Japonés,Pelicula,1,,
Pulgarcita,,,Español,Pelicula,1,,
Pupipo,,,Japonés (Sub esp),15,1,,
Queens Blade - Gyokuza wo Tsugumono,,Segunda Temporada,Japonés (Sub esp),12,1,,
Queens Blade - Rebellion,,Cuarta Temporada,Japonés (Sub esp),12,1,,
Queens Blade - Rurou no Senshi,,Primera Temporada,Japonés (Sub esp),6 OVA + 12 omake,1,,
Queens Blade - Utsukushiki Toushi-tachi,,Tercera Temporada,Japonés (Sub esp),12,1,,
R-15,,,Japonés (Sub esp),12,1,,
Ragnarok,,,Japonés (Sub esp),26,2,,
RAINBOW Niwa shichi-nin no nakamatachi,RAINBOW,,Japonés (Sub esp),26,2,,
Ranma 1/2,,,Español,161,9,,
Ranma 1/2 OVAS,,,Japonés (Sub esp),13,1,,
Ranma 1/2 Peliculas,,,Español,2,1,,
Ray - the Animation,,,Japonés (Sub esp),13,1,,
Red Line,,,Japonés (Sub esp),Pelicula,1,,
Requiem for the Phantom,,,Japonés (Sub esp),26,1,,
Revolutionary Girl Utena,Seishojo Ryouki Utena,,Japonés (Sub esp),39,2,,
Revolutionary Girl Utena Movie,,,Japonés (Sub esp),Pelicula,1,,
Rinne no Lagrange,,Primera temporada,Japonés (Sub esp),12,1,,
Rinne no Lagrange Season 2,,SegundaTemporada,Japonés (Sub esp),12,1,,
Robotech,,,Japonés (Sub esp),85,5,,
Robotech Movies,,,Japonés (Sub esp),,1,,
Rokujouma no Shinryakusha!,,,Japonés (Sub esp),12,1,,
Romeo X Juliet,,,Japonés (Sub esp),24,2,,
Rosario to Vampire,,,Japonés (Sub esp),13,1,,
Rosario to Vampire CAPU2,,,Japonés (Sub esp),13,1,,
Rozen Maiden,,Primera temporada,Japonés (Sub esp),12,1,,
Rozen Maiden Overture,,Tercera Temporada,Japonés (Sub esp),2,1,,
Rozen Maiden Traumend,,Segunda Temporada,Japonés (Sub esp),12,1,,
Rozen Maiden Zuruckspulen,,Cuarta Temporada,Japonés (Sub esp),13,1,,
Ryuugajou Nanana no Maizoukin,Nanana's Buried Treasure,,Japonés (Sub esp),13,1,,
Saikano,Mi novia el arma definitiva,,Japonés (Sub esp),13 + 2 OVA,1,,
Saikano (Español),Mi novia El arma Definitiva,,Español,13 + 2 OVA,1,,
Saikano Live Action,Mi novia el arma definitiva,,Japonés (Sub esp),Pelicula,1,,
Saikin Imouto no Yousu ga Chotto Okashinda ga,,,Japonés (Sub esp),13,1,,
Sailor Moon,,,Español,200,15,,
Sailor Moon Movies,,,Español,3,1,,
Saint Seiya - Asgard,,,Español/Japonés,27,3,,
Saint Seiya - Doce Casas,,,Español/Japonés,34,3,,
Saint Seiya - El Lienzo Perdido,Saint Seiya Lost Canvas,,Español/Japonés,26,2,,
Saint Seiya - Hades,,,Español/Japonés,31,3,,
Saint seiya - Poseidon,,,Español/Japonés,15,2,,
Saint Seiya - Torneo Galactico,Los Caballeros del Zodiaco,Primera Temporada,Español/Japonés,39,3,,
Saint Seiya Movies,,,Español/Japonés,5,1,,
Saint Seiya Omega,,,Japonés (Sub esp),97,8,,
Saint Seiya: Legend of Sanctuary,Los Caballeros del Zodiaco: La Leyenda del Santuario,,Español/Japonés (Sub esp),Pelicula,1,,
Saint Tail,,,Español,43,3,,
"Sakura, Card Captor",,,Español,70,4,,
"Sakura, Card Captor M1",,,Español/Japonés,Pelicula,1,,
"Sakura, Card Captor M2",,,Español/Japonés/Portugués,Pelicula,1,,
Sakurasou no Pet na kanojo,,,Japonés (Sub esp),24,2,,
Samurai 7,,,Español/Japonés,26,2,,
Samurai Champloo,,,Español/japonés,26,2,,
Samurai Flamenco,,,Japonés (Sub esp),25,2,,
Samurai X,Rurouni Kenshin,,Español,95,5,,
Samurai X - Movie,Rurouni Kenshin Ishi Shishi e no Requiem,,Español/Japonés,Pelicula,1,,
Samurai X - Remembranzas,Rurouni Kenshin Tsuiokuhen | Seisouhen,,Japonés (Sub esp),5,1,,
"Sandybell, Hola",,,Español,47,2,,
Sankarea,,,Japonés (Sub esp),12 + OVA,1,,
Sanzoku no Musume Ronja,,,Japonés (Sub esp),26,2,,
Sasami-san@Ganbarenai,,,Japonés (Sub esp),12,1,,
Sayonara Zetsubou sensei,,Tres temporadas,Japonés (Sub esp),38 + 5 OVA,3,,
School Days,,,Japonés (Sub esp),12,1,,
School Rumble,,Primera Temporada,Japonés (Sub esp),26,2,,
School Rumble Nii Gakki | San Gakki,,Segunda y Tercera Temporada,Japonés (Sub esp),26 + 2,2,,
Seikoku no Dragonar,,,Japonés (Sub esp),13,1,,
Seikon no Qwaser,Qwaser of the Stigmata,,Japonés (Sub esp),24 + OVA,2,,
Seikon no Qwaser II,Qwaser of the Stigmata II,,Japonés (Sub esp),12,1,,
Seirei Tsukai no Blade Dance,,,Japonés (Sub esp),12,1,,
Seirei Tsukai no World Dance,,,Japonés (Sub esp),13,1,,
Sekai Seifuku - Bouryaku no Zvezda,,,Japonés (Sub esp),13,1,,
Sekaiichi Hatsukoi,,Primera Temporada,Japonés (Sub esp),12 + 2 especiales,1,,
Sekaiichi Hatsukoi - Yokozawa Takafumi no Baai,,Pelicula,Japonés (Sub esp),Pelicula,1,,
Sekaiichi Hatsukoi 2,,Segunda Temporada,Japonés (Sub esp),12,1,,
Sekirei,,Primera Temporada,Japonés (Sub esp),12 + OVA,1,,
Sekirei Pure Engagement,,Segunda Temporada,Japonés (Sub esp),13 + Especial,1,,
Selector Infected WIXOSS,,,Japonés (Sub esp),13,1,,
Sengoku no Basara,,Primera Temporada,Japonés (Sub esp),12,1,,
Sengoku no Basara 2,,Segunda Temporada,Japonés (Sub esp),12,1,,
Sengoku Otome Momoiro Paradox,,,Japonés (Sub esp),13,1,,
Seraph of the End,Owari no Seraph,,Japonés (Sub esp),24,2,En emision,
Serial Experiments LAIN,,,Japonés (Sub esp),13,1,,
Shakugan no Shana,,Primera Temporada,Japonés (Sub esp),24 + Pelicula,2,,
Shakugan no Shana II Second,,Segunda Temporada,Japonés (Sub esp),24 + 5 OVA,2,,
Shakugan no Shana III Final,,Tercera Temporada,Japonés (Sub esp),24,2,,
Shaman King,,,Español,64,4,,
Shigatsu wa kimi ga uso,,,Japonés (Sub esp),22,2,,
Shigurui,,,Japonés (Sub esp),12,1,,
Shiki,,,Japonés (Sub esp),22,2,,
Shingeki no Bahamut,,,Japonés (Sub esp),12,1,,
Shingeki no Kyojin,Attack of Titans,,Japonés (Sub esp),25,2,,
Shingetsutan Tsukihime,,,Japonés/Español,12,1,,
Shining Hearts,,,Japonés (Sub esp),12,1,,
Shinrei Tantei Yakumo,,,Japonés (Sub esp),13,1,,
Shirogane no Ishi Argevollen,,,Japonés (Sub esp),25,2,,
Shounen Hollywood - Holly Stage 49,,,Japonés (Sub esp),13,1,,
Silver Spoon,Gin no Saji,Primera Temporada,Japonés (Sub esp),11,1,,
Silver Spoon 2nd,Gin no Saji 2nd,Segunda Temporada,Japonés (Sub esp),11,1,,
Sket Dance,,,Japonés (Sub esp),77,6,,
Skip Beat,,,Japonés (Sub esp),25,2,,
Slam Dunk,,,Español,102 + OVA,4,,
So Ra No Wo To,,,Japonés (Sub esp),12,1,,
Sokyuu no Fafner,Dead agressor,,Japonés (Sub esp),25,2,,
SOLA,,,Japonés (Sub esp),13 + 2 especiales,1,,
Sora no Method,,,Japonés (Sub esp),13,1,,
Sora no Otoshimono,,Primera Temporada,Japonés (Sub esp),13 + OVA,1,,
Sora no Otoshimono Final,,Segunda Pelicula,Japonés (Sub esp),Pelicula,1,,
Sora no Otoshimono Forte,,Segunda Temporada,Japonés (Sub esp),12,1,,
Sora no Otoshimono Tokei Jikake no angeloid,,Pelicula,Japonés (Sub esp),Pelicula,1,,
Sore Demo Sekai wa Utsukushii,Still world is beautiful,,Japonés (Sub esp),13,1,,
Soul Eater,,,Japonés (Sub esp),51,4,,
Soul Eater Not!,,Spin-off,Japonés (Sub esp),12,1,,
Speed Grapher,,No apto para menores de 15 años,Español,24,2,,
Star Driver,,,Japonés (Sub esp),25,2,,
STEAMBOY,,,Español/Japonés,Pelicula,1,,
Steins;Gate,Steins Gate,,Japonés (Sub esp),24 + OVA,2,,
Strawberry Panic!,,,Japonés (Sub esp),26,2,,
Street Fighter II,,,Español,29,2,,
Street Fighter Movies,,Peliculas,Español Y Japonés (Sub esp),4,1,,
Strike The Blood,,,Japonés (Sub esp),24,2,,
Suisei no Gargantia,,,Japonés (Sub esp),,1,,
Sukisyo,Suki na mono wa suki dakara shouganai,Shonen-ai,Japonés (Sub esp),12 + OVA,1,,
Sukitte iinayo,,,Japonés (Sub esp),13,1,,
Summer Wars,,,Japonés (Sub esp),Pelicula,1,,
Sumomomo momomo,,,Japonés (Sub esp),22 + 2 OVA,2,,
Super Campeones,,Primera Temporada,Español,128,7,,
Super Campeones J,,Segunda Temporada,Español,46,3,,
Super Campeones Mundial Juvenil,,Pelicula,Español,Pelicula,1,,
Super Campeones Road to 2002,,Tercera Temporada,Español,52,3,,
Super Seisyun Brothers,,,Japonés (Sub esp),12,1,,
Susurros del Corazon,Whisper of the Heart,,Español/Japonés,Pelicula,1,,
Suzumiya Haruhi no Shoushitsu,,Pelicula Tercera Temporada,Japonés (Sub esp),Pelicula,1,,
Suzumiya Haruhi no Yuutsu,,Primera y Segunda Temporada,Japonés (Sub esp),28,2,,
Sword Art Online,SAO,Primera Temporada,Japonés (Sub esp),25 + Especial,2,,
Sword Art Online Extra Edition,SAO Extra Edition,Pelicula Temporada Intermedia,Japonés (Sub esp),Pelicula,1,,
Sword Art Online II,,Segunda Temporada,Japonés (Sub esp),25,2,,
Sword of the Stranger,Muko Hadan,,Japonés (Sub esp),Pelicula,1,,
Tactics,,,Japonés (Sub esp),26,1,,
Tales of the Abyss,,,Japonés (Sub esp),26,2,,
Tasogare Otome Amnesia,Dusk Maiden of Amnesia,,Japonés (Sub esp),12,1,,
Tengen Toppa Gurren Lagan,,,Japonés (Sub esp),27 + OVA,2,,
Tenjho Tenge,,,Japonés (Sub esp),24+ 2 OVA,2,,
Terra Formars,,,Japonés (Sub esp),13 + 2 OVA,1,,
The Book of Bantorra,,,Japonés (Sub esp),27,2,,
The Garden of Words,Kotonoha no niwa,,Japonés (Sub esp),Pelicula,1,,
The Last Unicorn,El Ultimo Unicornio,,Español,Pelicula,1,,
The Legend of the Blue Wolves,Ookami-tachi no Densetsu,,Japonés (Sub esp),Pelicula,1,,
The Sacred BlackSmith,Seiken no Blacksmith,,Español/Japones,12,1,,
The Seven Deadly sins,Nanatsu no Taizai,,Japonés (Sub esp),24,1,,
The Twelve Kingdoms,,,Español/Japonés,45,4,,
The Wind Rises,Kaze no Tachuni | El viento se levanta,GHIBLI,,Pelicula,1,,
They are my Noble Masters,Kimi ga Aruji de sHitsuji ga Ore de,,Japonés (Sub esp),13,1,,
Thundercats,,,Español,52/130,2,,
To Aru Kagaku no Railgun,,Serie Alterna - Primera Temporada,Japonés (Sub esp),24 + OVA,2,,
To Aru Kagaku no Railgun S,,Serie Alterna - Segunda Temporada,Japonés (Sub esp),24,2,,
To Aru Majutsu Index,,Primera Temporada,Japonés (Sub esp),24,2,,
To Aru Majutsu Index II,,Segunda Temporada,Japonés (Sub esp),24,2,,
To Aru majutsu Index Movie,,,Japonés (Sub esp),Pelicula,1,,
To Heart,,Primera Temporada,Japonés (Sub esp),13,1,,
To Heart Remember my Memories,,Segunda Temporada,Japonés (Sub esp),13,1,,
To Love Ru,,Primera Temporada,Japonés (Sub esp),26,2,,
To Love Ru Darkness,,Tercera Temporada,Japonés (Sub esp),12 + 2 OVA,1,,
To Love Ru Darkness OVAs,,OVAS de la tercera temporada,Japonés (Sub esp),5,1,,
To Love Ru OVAS,,Primera Temporada,Japonés (Sub esp),6,1,,
"To Love Ru, Motto",,Segunda Temporada,Japonés (Sub esp),12,1,,
Togainu no Chi,,,Japonés (Sub esp),12,1,,
Tohou,,,Japonés (Sub esp),2 OVA + Especial,1,,
Toki wo Kakeru Shoujo,La chica que saltaba en el tiempo,,Japonés (Sub esp),Pelicula,1,,
Tokko,,,Español,13,1,,
Tokyo 8.0,,,Japonés (Sub esp),11,1,,
Tokyo Babylon,,,Japonés (Sub esp),2,1,,
Tokyo ESP,,,Japonés (Sub esp),12,1,,
Tokyo Ghoul,,,Japonés (Sub esp),12,1,,
Tokyo Ghoul A,,Segunda Temporada,Japonés (Sub esp),12,1,,
Tokyo Godfathers,,,Español/Japonés,Pelicula,1,,
Tokyo Majin Gakuen Kenpuchou,,Primera Temporada,Japonés (Sub esp),14,1,,
Tokyo Majin Gakuen Kenpuchou 2nd Act,,Segunda Temporada,Japonés (Sub esp),14,1,,
Tokyo Ravens,,,Japonés (Sub esp),24,2,,
Tonagura,,,Japonés (Sub esp),13,1,,
Tonari no Kaibutsu-kun,,,Japonés (Sub esp),13,1,,
Toradora!,,,Japonés (Sub esp),25,2,,
Towa no Quon,,,Japonés (Sub esp),6 Peliculas,1,,
Trigun,,,Español/Japonés,26,2,,
Trinity Blood,,,Japonés (Sub esp),24,2,,
Trinity Seven,,,Japonés (Sub esp),12,1,,
Tsubasa Reservoir Chronicle,,Primera Temporada,Japonés (Sub esp),26,1,,
Tsubasa Reservoir Chronicle 2,,Segunda Temporada,Japonés (Sub esp),26,2,,
Tsubasa Reservoir Chronicle Shunraiki,,Cuarta Temporada,Japonés (Sub esp),2 + Pelicula,1,,
Tsubasa Reservoir Chronicle Tokyo Revelations,,Tercera Temporada,Japones o Español,3,1,,
Tsukimonogatari,,Sexta Temporada,Japonés (Sub esp),,1,,
Tsuritama,,,Japonés (Sub esp),12,1,,
"Ultramarines: Warhammer 40,000","Warhammer 40,000",,Español/inglés,Pelicula,1,,
Umineko no na ku koro ni,,"Precuela, para secuela vease Higurashi no na ku koro ni",Japonés (Sub esp),26,2,,
UN-GO,,,Japonés (Sub esp),11,1,,
Uragiri wa Boku no Namae Shitteiru,URABOKU,,Japonés (Sub esp),24,2,,
Ushinawareta Mirai wo Motomete,,,Japonés (Sub esp),12,1,,
Uta wa Prince-sama Maji Love 1000%,,Primera Temporada,Japonés (Sub esp),12,1,,
Uta wa Prince-sama Maji Love 2000%,,Segunda Temporada,Japonés (Sub esp),13,1,,
Valvrave The Liberator,,Primera Temporada,Japonés (Sub esp),12,1,,
Valvrave The Liberator 2,,Segunda Temporada,Japonés (Sub esp),12,1,,
Vampire Hunter D,,Primera Pelicula,Esapñol/Japonés,Pelicula,1,,
Vampire Hunter D Blood Lust,,Segunda Pelicula,Español / Inglés,Pelicula,1,,
Vampire Knight,,Primera Temporada,Japonés (Sub esp),13,1,,
Vampire Knight Guilty,,Segunda Temporada,Japonés (Sub esp),13,1,,
Vampire Princess Miyu,,,Japonés (Sub esp),26,2,,
Vassalord,,,Japonés (Sub esp),Pelicula,1,,
Violence Jack,,,Japonés (Sub esp),3,1,,
VOCALOID - Miku no Hi 39 Thank's Giving Day,,,Japones,Concierto,2,,
VOCALOID - Videografia 1,,,Japonés,39,1,,
VOCALOID - Videografia 2,,,Japones,40,1,,
"Wake up, Girls!",WUG!,,Japonés (Sub esp),12 + Pelicula,1,,
Walkure Romanze,,,Japonés (Sub esp),12,1,,
WATAMOTE,Watashi ga Motenai no wa dou kangaetemo omaera ga warui!,,Japonés (Sub esp),12,1,,
White Album,,,Japonés (Sub esp),13,1,,
White Album 2,,,Japonés (Sub esp),13,1,,
Witch Craft Works,,,Japonés (Sub esp),12,1,,
Witch Hunter robin,,,Japonés (Sub esp),26,2,,
Witchblade,,,Japonés (Sub esp),24,2,,
Wolf Children - Ame to yuki,Ookami kodomo no ame to yuki,,Japonés (Sub esp),Pelicula,1,,
Wolf's Rain,,,Japonés (Sub esp),30,2,,
Wolverine,,,Español,12,1,,
Wonderful Days,Sky Blue,,Coreano (Sub español),Pelicula,1,,
Wooser no Sono Higurashi Kakusei-Hen,,egunda Temporada,Japonés (Sub esp),12,1,,
World Trigger,,,Japonés (Sub esp),13,1,,
X / 1999,,,Japonés (Sub esp),24 + Ova,2,,
Yahari ore no Seishun Love come wa Machigatteiru,Yahari Love,,Japonés (Sub esp),13,1,,
Yamato Nadeshiko Shichihenge,The Wallflower,,Japonés (Sub esp),25,2,,
Yami no Matsuei,,,Japonés (Sub esp),12,1,,
Yami Shibai,Historias de Fantasmas Japoneses,Primera Temporada,Japonés (Sub esp),13,1,,
Yoake Mae Yori Ruri Iro na Crescent Love,Brighter than Dawning Blue,,Japonés (Sub esp),12,1,,
Yosuga no Sora,,,Japonés (Sub esp),13,1,,
Yozakura Quartet - Hana no Uta-,,Remake,Japonés (Sub esp),13,1,,
Yu-Gi-Oh!,,,Español,224,15,,
Yu-Gi-Oh! 10th Movie,,Pelicula de aniversario,Japonés (Sub esp),Pelicula,1,,
Yu-Gi-Oh! 5D's,,,Español y Japonés,154,8,,
Yu-Gi-Oh! Capsule Monsters,,,Japones e Inglés,12,1,,
Yu-Gi-Oh! GX,,,Español,180,9,,
Yu-Gi-Oh! Movie,La piramide de la Luz,,Español/Inglés,Pelicula,1,,
Yumekui Merry,,,Japonés (Sub esp),13,1,,
Yu-Sibu,Yuusha ni Narenakatta ore wa shibushibu Shushoku o Ketsui Shimashita,,Japonés (Sub esp),12,1,,
Yuu Yuu Hakusho,,,Español,112,6,,
Yuu Yuu Hakusho Movies,,,Español/Japonés,2,1,,
Zankyou no Terror,,,Japonés (Sub esp),11,1,,
Zero no Tsukaima,,Primera temporada,Japonés (Sub esp),13,1,,
Zero no Tsukaima F,,Cuarta Temporada,Japonés (Sub esp),12,1,,
Zero no Tsukaima Futatsuki no Kishi,,Segunda Temporada,Japonés (Sub esp),12,1,,
Zero no Tsukaima Princesses no Rondo,,Tercera Temporada,Japonés (Sub esp),12 + OVA,1,,
ZETMAN,,,Japonés (Sub esp),13,1,,
Zetsuen no Tempest,,,Japonés (Sub esp),24,2,,
Zettai Bouei Leviathan,,,Japonés (Sub esp),12,1,,
Zettai Karen Children,,Primera Temporada,Japonés (Sub esp),52,3,,
Zettai Karen Children - The Unlimited,,Segunda Temporada,Japonés (Sub esp),12,1,,
Zoids Chaotic Century,,Primera Temporada,Español,34,2,,
Zoids Fuzors,,Cuarta temporada,Español,26,2,,
Zoids Genesis,,Quinta Temporada,Japonés (Sub esp),50,3,,
Zoids Guardian Force,,Segunda Temporada,Español,31,2,,
Zoids New Century / Zero,,Tercera Temporada,Español,26,2,,
Zombie Loan,,,Japonés (Sub esp),11,1,,
ZX / Ignition,,,Japonés (Sub esp),12,1,"Fantasía, aventura",